source_id,experiment_id,activity_id,institution_id,doi,title
CESM2-WACCM,abrupt-4xCO2,CMIP,NCAR,10.22033/ESGF/CMIP6.10039,NCAR CESM2-WACCM model output prepared for CMIP6 CMIP abrupt-4xCO2
CESM2-WACCM,historical,CMIP,NCAR,10.22033/ESGF/CMIP6.10071,NCAR CESM2-WACCM model output prepared for CMIP6 CMIP historical
CESM2-WACCM,piControl,CMIP,NCAR,10.22033/ESGF/CMIP6.10094,NCAR CESM2-WACCM model output prepared for CMIP6 CMIP piControl
CESM2-WACCM,ssp126,ScenarioMIP,NCAR,10.22033/ESGF/CMIP6.10100,NCAR CESM2-WACCM model output prepared for CMIP6 ScenarioMIP ssp126
CESM2-WACCM,ssp245,ScenarioMIP,NCAR,10.22033/ESGF/CMIP6.10101,NCAR CESM2-WACCM model output prepared for CMIP6 ScenarioMIP ssp245
CESM2-WACCM,ssp534-over,ScenarioMIP,NCAR,10.22033/ESGF/CMIP6.10114,NCAR CESM2-WACCM model output prepared for CMIP6 ScenarioMIP ssp534-over
CESM2-WACCM,ssp585,ScenarioMIP,NCAR,10.22033/ESGF/CMIP6.10115,NCAR CESM2-WACCM model output prepared for CMIP6 ScenarioMIP ssp585
CNRM-ESM2-1,abrupt-4xCO2,CMIP,CNRM-CERFACS,10.22033/ESGF/CMIP6.3918,CNRM-CERFACS CNRM-ESM2-1 model output prepared for CMIP6 CMIP for experiment abrupt-4xCO2 
CNRM-ESM2-1,historical,CMIP,CNRM-CERFACS,10.22033/ESGF/CMIP6.4068,CNRM-CERFACS CNRM-ESM2-1 model output prepared for CMIP6 CMIP historical
CNRM-ESM2-1,piControl,CMIP,CNRM-CERFACS,10.22033/ESGF/CMIP6.4165,CNRM-CERFACS CNRM-ESM2-1 model output prepared for CMIP6 CMIP piControl
CNRM-ESM2-1,ssp126,ScenarioMIP,CNRM-CERFACS,10.22033/ESGF/CMIP6.4186,CNRM-CERFACS CNRM-ESM2-1 model output prepared for CMIP6 ScenarioMIP ssp126
CNRM-ESM2-1,ssp245,ScenarioMIP,CNRM-CERFACS,10.22033/ESGF/CMIP6.4191,CNRM-CERFACS CNRM-ESM2-1 model output prepared for CMIP6 ScenarioMIP ssp245
CNRM-ESM2-1,ssp534-over,ScenarioMIP,CNRM-CERFACS,10.22033/ESGF/CMIP6.4221,CNRM-CERFACS CNRM-ESM2-1 model output prepared for CMIP6 ScenarioMIP ssp534-over
CNRM-ESM2-1,ssp585,ScenarioMIP,CNRM-CERFACS,10.22033/ESGF/CMIP6.4226,CNRM-CERFACS CNRM-ESM2-1 model output prepared for CMIP6 ScenarioMIP ssp585
CanESM5,abrupt-4xCO2,CMIP,CCCma,10.22033/ESGF/CMIP6.3532,CCCma CanESM5 model output prepared for CMIP6 CMIP abrupt-4xCO2
CanESM5,historical,CMIP,CCCma,10.22033/ESGF/CMIP6.3610,CCCma CanESM5 model output prepared for CMIP6 CMIP historical
CanESM5,piControl,CMIP,CCCma,10.22033/ESGF/CMIP6.3673,CCCma CanESM5 model output prepared for CMIP6 CMIP piControl
CanESM5,ssp126,ScenarioMIP,CCCma,10.22033/ESGF/CMIP6.3683,CCCma CanESM5 model output prepared for CMIP6 ScenarioMIP ssp126
CanESM5,ssp245,ScenarioMIP,CCCma,10.22033/ESGF/CMIP6.3685,CCCma CanESM5 model output prepared for CMIP6 ScenarioMIP ssp245
CanESM5,ssp534-over,ScenarioMIP,CCCma,10.22033/ESGF/CMIP6.3694,CCCma CanESM5 model output prepared for CMIP6 ScenarioMIP ssp534-over
CanESM5,ssp585,ScenarioMIP,CCCma,10.22033/ESGF/CMIP6.3696,CCCma CanESM5 model output prepared for CMIP6 ScenarioMIP ssp585
IPSL-CM6A-LR,abrupt-4xCO2,CMIP,IPSL,10.22033/ESGF/CMIP6.5109,IPSL IPSL-CM6A-LR model output prepared for CMIP6 CMIP abrupt-4xCO2
IPSL-CM6A-LR,historical,CMIP,IPSL,10.22033/ESGF/CMIP6.5195,IPSL IPSL-CM6A-LR model output prepared for CMIP6 CMIP historical
IPSL-CM6A-LR,piControl,CMIP,IPSL,10.22033/ESGF/CMIP6.5251,IPSL IPSL-CM6A-LR model output prepared for CMIP6 CMIP piControl
IPSL-CM6A-LR,ssp126,ScenarioMIP,IPSL,10.22033/ESGF/CMIP6.5262,IPSL IPSL-CM6A-LR model output prepared for CMIP6 ScenarioMIP ssp126
IPSL-CM6A-LR,ssp245,ScenarioMIP,IPSL,10.22033/ESGF/CMIP6.5264,IPSL IPSL-CM6A-LR model output prepared for CMIP6 ScenarioMIP ssp245
IPSL-CM6A-LR,ssp534-over,ScenarioMIP,IPSL,10.22033/ESGF/CMIP6.5269,IPSL IPSL-CM6A-LR model output prepared for CMIP6 ScenarioMIP ssp534-over
IPSL-CM6A-LR,ssp585,ScenarioMIP,IPSL,10.22033/ESGF/CMIP6.5271,IPSL IPSL-CM6A-LR model output prepared for CMIP6 ScenarioMIP ssp585
NorESM2-MM,abrupt-4xCO2,CMIP,NCC,10.22033/ESGF/CMIP6.7840,NCC NorESM2-MM model output prepared for CMIP6 CMIP abrupt-4xCO2
NorESM2-MM,historical,CMIP,NCC,10.22033/ESGF/CMIP6.8040,NCC NorESM2-MM model output prepared for CMIP6 CMIP historical
NorESM2-MM,piControl,CMIP,NCC,10.22033/ESGF/CMIP6.8221,NCC NorESM2-MM model output prepared for CMIP6 CMIP piControl
NorESM2-MM,ssp245,ScenarioMIP,NCC,10.22033/ESGF/CMIP6.8255,NCC NorESM2-MM model output prepared for CMIP6 ScenarioMIP ssp245
UKESM1-0-LL,abrupt-4xCO2,CMIP,MOHC,10.22033/ESGF/CMIP6.5843,MOHC UKESM1.0-LL model output prepared for CMIP6 CMIP abrupt-4xCO2
UKESM1-0-LL,historical,CMIP,MOHC,10.22033/ESGF/CMIP6.6113,MOHC UKESM1.0-LL model output prepared for CMIP6 CMIP historical
UKESM1-0-LL,piControl,CMIP,MOHC,10.22033/ESGF/CMIP6.6298,MOHC UKESM1.0-LL model output prepared for CMIP6 CMIP piControl
UKESM1-0-LL,ssp126,ScenarioMIP,MOHC,10.22033/ESGF/CMIP6.6333,MOHC UKESM1.0-LL model output prepared for CMIP6 ScenarioMIP ssp126
UKESM1-0-LL,ssp245,ScenarioMIP,MOHC,10.22033/ESGF/CMIP6.6339,MOHC UKESM1.0-LL model output prepared for CMIP6 ScenarioMIP ssp245
UKESM1-0-LL,ssp534-over,ScenarioMIP,MOHC,10.22033/ESGF/CMIP6.6397,MOHC UKESM1.0-LL model output prepared for CMIP6 ScenarioMIP ssp534-over
UKESM1-0-LL,ssp585,ScenarioMIP,MOHC,10.22033/ESGF/CMIP6.6405,MOHC UKESM1.0-LL model output prepared for CMIP6 ScenarioMIP ssp585
